text,intent
"มหาวิทยาลัยมีกี่คณะ?","general_question"
"วิสัยทัศน์ของสถาบันเทคโนโลยีจิตรลดาคืออะไร?","general_question"
"ปรัชญาของสถาบันเทคโนโลยีจิตรลดาคือข้อใด?","general_question"
"ข้อใดไม่ได้อยู่ในหัวข้อความเป็นจิตรลดา?","general_question"
"สถาบันเทคโนโลยีจิตรลดาเริ่มต้นจากอะไร?","general_question"
"โรงเรียนจิตรลดาก่อตั้งขึ้นในปี พ.ศ. ใด?","general_question"
"สถาบันเทคโนโลยีจิตรลดาเปลี่ยนสถานะเป็นสถาบันอุดมศึกษาในกำกับของรัฐเมื่อใด?","general_question"
"สีประจำสถาบันเทคโนโลยีจิตรลดาคือสีใด?","general_question"
"ต้นไม้ประจำสถาบันเทคโนโลยีจิตรลดาคือต้นใด?","general_question"
"สีแสดเป็นสีประจำคณะใด?","general_question"
"สถานที่ตั้งของสถาบันเทคโนโลยีจิตรลดาอยู่ในบริเวณใด?","general_question"
"ทิศใต้ของสถาบันเทคโนโลยีจิตรลดาคือสถานที่ใด?","general_question"
"อาคารหลักของสถาบันเทคโนโลยีจิตรลดาคืออาคารใด?","general_question"
"รถโดยสารประจำทางสายใดที่ผ่านถนนศรีอยุธยา?","general_question"
"สถาบันให้ความสำคัญกับอะไรในชีวิตนักศึกษา?","general_question"
"ประวัติการก่อตั้งของสถาบันเทคโนโลยีจิตรลดาคืออะไร?","general_question"
"ใครคือผู้ก่อตั้งสถาบันเทคโนโลยีจิตรลดา?","general_question"
"สถาบันเทคโนโลยีจิตรลดามีพันธกิจอะไรบ้าง?","general_question"
"คณะทั้งหมดของสถาบันเทคโนโลยีจิตรลดามีอะไรบ้าง?","general_question"
"ค่าเทอมของแต่ละคณะอยู่ในช่วงเท่าไร?","general_question"
"ชื่อเต็มของมหาวิทยาลัยในภาษาอังกฤษคืออะไร?","general_question"
"สถาบันเทคโนโลยีจิตรลดามีวิชาบังคับอะไรบ้าง?","general_question"
"ใครคืออธิการบดีคนปัจจุบันของสถาบันเทคโนโลยีจิตรลดา?","general_question"
"การเรียนการสอนของสถาบันเทคโนโลยีจิตรลดาเน้นไปที่อะไร?","general_question"
"คณะบริหารธุรกิจมีวิชาเลือกอะไรบ้าง?","general_question"
"จุดเด่นของสถาบันเทคโนโลยีจิตรลดาคืออะไร?","general_question"
"มหาวิทยาลัยรับสมัครนักศึกษาใหม่ช่วงไหน?","general_question"
"สามารถติดต่อฝ่ายทะเบียนได้ที่ไหน?","general_question"
"คณะวิศวกรรมศาสตร์เปิดสอนกี่สาขาวิชา?","general_question"
"ใครคือประธานสภามหาวิทยาลัย?","general_question"
"สถานที่สำหรับจอดรถนักศึกษาคือบริเวณใด?","general_question"
"ห้องสมุดเปิดให้บริการเวลาใด?","general_question"
"เราสามารถสมัครขอทุนการศึกษาได้ที่ไหน?","general_question"
"หอพักนักศึกษาของสถาบันอยู่ที่ไหน?","general_question"
"การเดินทางด้วยรถไฟฟ้า BTS มาที่มหาวิทยาลัยต้องลงสถานีอะไร?","general_question"
"มหาวิทยาลัยมีบริการรถรับส่งหรือไม่?","general_question"
"อาคารเรียนรวมอยู่บริเวณใดของสถาบัน?","general_question"
"ศูนย์อาหารตั้งอยู่ที่ไหนในมหาวิทยาลัย?","general_question"
"คณะวิทยาศาสตร์มีการวิจัยในด้านใดบ้าง?","general_question"
"มีทุนการศึกษาประเภทใดบ้าง?","general_question"
"สถานที่สำหรับจัดกิจกรรมกีฬาอยู่บริเวณใด?","general_question"
"มหาวิทยาลัยมีบริการอินเทอร์เน็ตให้กับนักศึกษาหรือไม่?","general_question"
"เราสามารถขอรับคำปรึกษาเกี่ยวกับการเลือกสาขาวิชาได้ที่ไหน?","general_question"
"วันนี้มีอาจารย์ท่านไหนอยู่ที่มหาวิทยาลัยบ้าง?","general_question"
"เกรดเท่าไหร่ถึงได้เกียรตินิยมอันดับ 1","general_question"
"ช่องทางการติดต่ออาจารย์ในสาขา ทุกช่องทาง","general_question"
"อยากลาต้องแจ้งอาจารย์ผ่านอีเมลไหมคะ","general_question"
"ร้านอาหารในสถาบันอยู่ตรงส่วนไหนบ้างครับ","general_question"
"ฉันสามารถขอคำปรึกษาด้านอาชีพหรือการฝึกงานได้ที่ไหน?","general_question"
"มหาวิทยาลัยมีทั้งหมดกี่คณะ?","general_question"
"วิสัยทัศน์หลักของสถาบันเทคโนโลยีจิตรลดาคืออะไร?","general_question"
"จุดเริ่มต้นของสถาบันเทคโนโลยีจิตรลดามาจากอะไร?","general_question"
"สีประจำสถาบันคือสีอะไร?","general_question"
"ต้นไม้ที่เป็นสัญลักษณ์ของสถาบันเทคโนโลยีจิตรลดาคืออะไร?","general_question"
"สีแสดเป็นตัวแทนของคณะอะไร?","general_question"
"ที่ตั้งของสถาบันเทคโนโลยีจิตรลดาอยู่ส่วนไหนของเมือง?","general_question"
"สถาบันให้ความสำคัญกับอะไรในชีวิตของนักศึกษามากที่สุด?","general_question"
"อาคารหลักที่ใช้สำหรับจัดการเรียนการสอนของสถาบันคืออาคารอะไร?","general_question"
"การเดินทางโดยรถประจำทางมาที่มหาวิทยาลัยมีสายไหนบ้าง?","general_question"
"เมื่อปีการศึกษา 2565 มีนักศึกษาชั้นปีที่ 3 จำนวนเท่าใด?","general_question"
"ปีการศึกษานี้ 2567 มีนักศึกษารวมทั้งสิ้นกี่คน?","general_question"
"ใครเป็นผู้ริเริ่มก่อตั้งสถาบันเทคโนโลยีจิตรลดา?","general_question"
"พันธกิจหลักของสถาบันเทคโนโลยีจิตรลดาคืออะไรบ้าง?","general_question"
"ค่าเล่าเรียนของแต่ละคณะอยู่ที่ประมาณเท่าไหร่?","general_question"
"หลักสูตรบังคับในสถาบันเทคโนโลยีจิตรลดามีอะไรบ้าง?","general_question"
"ใครดำรงตำแหน่งอธิการบดีของสถาบันในปัจจุบัน?","general_question"
"การเรียนในสถาบันเทคโนโลยีจิตรลดามีเป้าหมายอะไร?","general_question"
"คณะบริหารธุรกิจเปิดสอนวิชาเลือกอะไรที่น่าสนใจบ้าง?","general_question"
"มหาวิทยาลัยเปิดรับสมัครนักศึกษาใหม่ช่วงใด?","general_question"
"ถ้าต้องการติดต่อฝ่ายทะเบียนควรไปที่ไหน?","general_question"
"คณะวิศวกรรมศาสตร์มีสาขาวิชาอะไรบ้าง?","general_question"
"ที่จอดรถของนักศึกษาอยู่บริเวณไหนในมหาวิทยาลัย?","general_question"
"ห้องสมุดของสถาบันเปิดทำการในเวลาใด?","general_question"
"หอพักสำหรับนักศึกษาของสถาบันตั้งอยู่ที่ไหน?","general_question"
"ถ้าเดินทางมามหาวิทยาลัยด้วยรถไฟฟ้า BTS ควรลงที่สถานีใด?","general_question"
"มหาวิทยาลัยมีบริการรถรับส่งนักศึกษาหรือไม่?","general_question"
"อาคารเรียนรวมของมหาวิทยาลัยอยู่บริเวณไหน?","general_question"
"ศูนย์อาหารของมหาวิทยาลัยตั้งอยู่ในส่วนไหนของสถาบัน?","general_question"
"คณะวิทยาศาสตร์มีโครงการวิจัยเกี่ยวกับอะไรบ้าง?","general_question"
"สถานที่จัดกิจกรรมกีฬาของมหาวิทยาลัยอยู่ส่วนใด?","general_question"
"มหาวิทยาลัยมีการให้บริการอินเทอร์เน็ตไร้สายแก่นักศึกษาหรือไม่?","general_question"
"ถ้านักศึกษาต้องการคำปรึกษาเกี่ยวกับการเลือกสาขาวิชา ควรติดต่อที่ใคร?","general_question"
"จุดเด่นหลักของสถาบันเทคโนโลยีจิตรลดาที่นักศึกษาให้ความสนใจคืออะไร?","general_question"
"ถ้าต้องการส่งคำถามถึงอาจารย์ประจำวิชา ควรใช้ช่องทางใด?","general_question"
"กิจกรรมที่ช่วยพัฒนาทักษะการทำงานของนักศึกษาในสถาบันมีอะไรบ้าง?","general_question"
"ฉันสามารถสมัครขอทุนสนับสนุนด้านการศึกษาได้ที่ไหน?","general_question"
"หากต้องการติดต่อประธานสภามหาวิทยาลัย ต้องทำอย่างไร?","general_question"
"กิจกรรมที่จัดเพื่อส่งเสริมการเรียนรู้นอกห้องเรียนมีอะไรบ้าง?","general_question"
"ฉันจะทราบข้อมูลเพิ่มเติมเกี่ยวกับคณะของมหาวิทยาลัยได้จากที่ใด?","general_question"
"โครงสร้างหลักสูตรการเรียนการสอนของมหาวิทยาลัยเป็นอย่างไร?","general_question"
"วันเปิดเทอมคือวันไหน?","academic_calendar"
"เราสามารถถอนรายวิชา(W) ได้ช่วงไหนบ้าง?","academic_calendar"
"ถ้าหวงเวลาสอบชนกันจะต้องเเก้อย่างไง?","academic_calendar"
"ถ้าตารางเรียนชนกันจะต้องแก้ที่ไหน?","academic_calendar"
"เทอมนี้จะมีรายวิชาของสาขาอะไรเปิดให้ลงทะเบียนได้บ้าง?","academic_calendar"
"เทอมนี้จะมีรายวิชาของ Gen Ed อะไรเปิดให้ลงทะเบียนได้บ้าง?","academic_calendar"
"ได้ผลการเรียน“IP” ต้องแก้อย่างไง?","academic_calendar"
"ช่วยบอกช่วงวันที่สามารถลดรายวิชาให้หน่อย?","academic_calendar"
"เราจะรู้คะแนนสอบวันไหน?","academic_calendar"
"ถ้าต้องการยื่นขอสำเร็จการศึกษาสามารถยื่นได้ช่วงไหนบ้าง?","academic_calendar"
"เทอมนี้สอบกลางภาควันที่เท่าไร?","academic_calendar"
"เทอมนี้สอบปลายภาคช่วงเดือนอะไร?","academic_calendar"
"นักเรียนเก่าสามารถลงทะเบียนได้วันไหน?","academic_calendar"
"นักเรียนใหม่สามารถลงทะเบียนได้วันไหน?","academic_calendar"
"ช่วงเวลาใดที่อนุญาตให้นักศึกษาเพิ่มรายวิชาหลังจากเปิดเรียนไปแล้ว?","academic_calendar"
"วันสุดท้ายที่จะยืนแก้ I คือวันไหน?","academic_calendar"
"วันปิดเทอมภาคเรียนนี้คือวันไหน?","academic_calendar"
"วันกำหนดชำระค่าเทอมภาคเรียนหน้าคือเมื่อไหร่?","academic_calendar"
"เราสามารถเพิ่มรายวิชาได้ช่วงไหน?","academic_calendar"
"ขั้นตอนการลงทะเบียนเรียนของนักศึกษาปีที่ 1 คืออะไร?","academic_calendar"
"วันปฐมนิเทศนักศึกษาปีนี้คือวันไหน?","academic_calendar"
"การลงทะเบียนขอแก้เกรดสามารถทำได้เมื่อไหร่?","academic_calendar"
"ช่วงที่สามารถแก้ไขตารางเรียนได้คือช่วงไหน?","academic_calendar"
"ถ้าลงทะเบียนล่าช้าต้องเสียค่าปรับเท่าไร?","academic_calendar"
"กำหนดการสอบกลางภาคเทอมหน้าเริ่มวันไหน?","academic_calendar"
"วันสุดท้ายของการเรียนภาคเรียนนี้คือวันใด?","academic_calendar"
"ช่วงเปิดรับสมัครนักศึกษาใหม่ภาคเรียนที่ 1 คือช่วงไหน?","academic_calendar"
"กำหนดการส่งวิทยานิพนธ์ต้องส่งวันไหน?","academic_calendar"
"วันสุดท้ายของการลงทะเบียนเพิ่มคือวันใด?","academic_calendar"
"สามารถถอนรายวิชาโดยไม่ติดเกรด F ได้ถึงวันไหน?","academic_calendar"
"ช่วงปิดรับสมัครนักศึกษาใหม่ภาคเรียนที่ 2 คือเมื่อไหร่?","academic_calendar"
"กำหนดชำระค่าธรรมเนียมการศึกษาเทอมหน้าอยู่ในช่วงไหน?","academic_calendar"
"นักศึกษาที่ไม่ลงทะเบียนในเวลาที่กำหนดต้องเสียค่าปรับเท่าไหร่?","academic_calendar"
"ช่วงเวลาในการลงทะเบียนรายวิชาสำหรับนักศึกษาชั้นปีที่ 3 คือช่วงใด?","academic_calendar"
"วันหยุดในช่วงเทศกาลปีใหม่คือวันใดบ้าง?","academic_calendar"
"มหาวิทยาลัยจะจัดสอบกลางภาคในช่วงไหน?","academic_calendar"
"ช่วงลงทะเบียนรายวิชาเทอมหน้าเริ่มวันที่เท่าไร?","academic_calendar"
"การแก้ไขผลการเรียน I ต้องดำเนินการภายในกี่วัน?","academic_calendar"
"การขอสำเร็จการศึกษาสามารถยื่นเอกสารได้ในช่วงใด?","academic_calendar"
"วันสุดท้ายของการส่งโครงงานวิจัยคือเมื่อไหร่?","academic_calendar"
"ต้องการแก้ไขการลงทะเบียนเรียนจะต้องทำภายในวันไหน?","academic_calendar"
"การลงทะเบียนเพิ่ม/ถอนรายวิชาทำได้ช่วงไหน?","academic_calendar"
"ถ้าลงทะเบียนเรียนผิดรายวิชา จะสามารถเปลี่ยนวิชาได้เมื่อไร?","academic_calendar"
"กำหนดการสอบปลายภาคภาคเรียนนี้เริ่มวันไหน?","academic_calendar"
"สำหรับนักศึกษาเกียรตินิยม มีขั้นตอนการลงทะเบียนพิเศษอย่างไรบ้าง?","academic_calendar"
"หากต้องการขอทุนการศึกษา ต้องยื่นเอกสารภายในวันที่เท่าไหร่?","academic_calendar"
"กำหนดการอบรมก่อนเปิดภาคเรียนสำหรับนักศึกษาใหม่มีวันไหนบ้าง?","academic_calendar"
"วันประกาศผลการเรียนประจำภาคเรียนคือวันไหน?","academic_calendar"
"นักศึกษาแลกเปลี่ยนสามารถลงทะเบียนได้ช่วงไหน?","academic_calendar"
"ระยะเวลาในการส่งเกรด I ของอาจารย์มีกำหนดกี่วัน?","academic_calendar"
"มีวันหยุดพิเศษอะไรบ้างในช่วงภาคเรียนนี้?","academic_calendar"
"กำหนดการประชุมผู้ปกครองประจำปีจัดขึ้นวันไหน?","academic_calendar"
"การยื่นคำร้องขอผ่อนผันค่าเทอมสามารถทำได้เมื่อไหร่?","academic_calendar"
"วันสุดท้ายของการขอโอนย้ายหลักสูตรคือวันใด?","academic_calendar"
"มีการจัดกิจกรรมปฐมนิเทศสำหรับนักศึกษาบัณฑิตศึกษาหรือไม่?","academic_calendar"
"กำหนดการสอบวัดระดับภาษาอังกฤษประจำภาคเรียนเป็นอย่างไร?","academic_calendar"
"นักศึกษาพิเศษมีกำหนดการลงทะเบียนแตกต่างจากนักศึกษาปกติอย่างไร?","academic_calendar"
"วันสุดท้ายของการยื่นคำร้องขอรีเกรดคือเมื่อไหร่?","academic_calendar"
"กำหนดการสำหรับนักศึกษาที่ต้องการลงทะเบียนเรียนล่วงหน้ามีอย่างไร?","academic_calendar"
"มีวันนัดพบผู้ปกครองและอาจารย์ที่ปรึกษาหรือไม่?","academic_calendar"
"กำหนดการอบรมเตรียมความพร้อมก่อนสำเร็จการศึกษาเป็นอย่างไร?","academic_calendar"
"วันสุดท้ายของการสมัครสหกิจศึกษาคือวันใด?","academic_calendar"
"มีการจัดกิจกรรมแนะแนวอาชีพสำหรับนักศึกษาชั้นปีสุดท้ายเมื่อไหร่?","academic_calendar"
"วันปฐมนิเทศนักศึกษาฝึกงานประจำภาคเรียนคือวันไหน?","academic_calendar"
"การยื่นคำร้องขอเทียบโอนหน่วยกิตทำได้ช่วงไหน?","academic_calendar"
"มีกำหนดการอบรมทักษะวิชาชีพเสริมสำหรับนักศึกษาหรือไม่?","academic_calendar"
"วันสุดท้ายของการยื่นคำร้องจบการศึกษาโดยไม่นับหน่วยกิตคือเมื่อไหร่?","academic_calendar"
"กำหนดการสอบวิทยานิพนธ์ของบัณฑิตศึกษาเป็นอย่างไร?","academic_calendar"
"มีการจัดกิจกรรมแลกเปลี่ยนทางวิชาการระหว่างคณะหรือไม่?","academic_calendar"
"วันสุดท้ายของการต่ออายุรหัสนักศึกษาคือวันใด?","academic_calendar"
"วันเปิดภาคการศึกษาปีการศึกษา 2567 นี้เป็นวันใด?","academic_calendar"
"นักศึกษาจะสามารถถอนรายวิชาโดยไม่ได้รับผลการเรียน (W) ได้ในช่วงเวลาใด?","academic_calendar"
"หากตารางสอบของหนูชนกัน จะต้องดำเนินการแก้ไขอย่างไร?","academic_calendar"
"ผมจะสามารถตรวจสอบผลการเรียนของตนเองได้เมื่อไหร่?","academic_calendar"
"กระบวนการยื่นขอสำเร็จการศึกษาสามารถดำเนินการได้ในช่วงใด?","academic_calendar"
"วันสุดท้ายของการลงทะเบียนรายวิชาปีการศึกษา 2567 นี้คือวันใด?","academic_calendar"
"นักศึกษาใหม่สามารถลงทะเบียนรายวิชาได้ในช่วงวันใด?","academic_calendar"
"ปฏิทินการศึกษาปี 2567 นี้ มีวันหยุดพิเศษหรือเทศกาลใดบ้าง?","academic_calendar"
"หากได้รับผลการเรียน I นักศึกษาจะต้องดำเนินการแก้ไขภายในกี่วัน?","academic_calendar"
"กำหนดการสอบกลางภาคปีการศึกษานี้จะเริ่มในช่วงเดือนใด?","academic_calendar"
"วันสุดท้ายของการลงทะเบียนเพิ่ม-ถอนรายวิชาคือวันที่เท่าใด?","academic_calendar"
"นักศึกษาที่ลงทะเบียนล่าช้ากว่ากำหนดจะต้องเสียค่าปรับเป็นจำนวนเท่าใด?","academic_calendar"
"การลงทะเบียนรายวิชาของนักศึกษาชั้นปีที่ 3 จะเริ่มในช่วงไหน?","academic_calendar"
"กำหนดการสอบปลายภาคประจำภาคการศึกษานี้จะอยู่ในช่วงเดือนใด?","academic_calendar"
"วันสุดท้ายของการยื่นคำร้องขอแก้ไข I คือวันที่เท่าใด?","academic_calendar"
"วันปิดภาคการศึกษาปี 2567 จะตรงกับวันที่เท่าไร?","academic_calendar"
"กำหนดการชำระค่าธรรมเนียมการศึกษาสำหรับภาคการศึกษาถัดไปจะอยู่ในช่วงใด?","academic_calendar"
"ขั้นตอนการลงทะเบียนสำหรับนักศึกษาชั้นปีที่ 1 มีอย่างไรบ้าง?","academic_calendar"
"วันปฐมนิเทศนักศึกษาใหม่จะจัดขึ้นในวันที่เท่าใด?","academic_calendar"
"กำหนดการสอบประมวลความรู้สำหรับนักศึกษาระดับบัณฑิตศึกษาเป็นอย่างไร?","academic_calendar"
"เปิดภาคการศึกษาใหม่นี้จะเริ่มเมื่อไหร่?","academic_calendar"
"ฉันจะสามารถถอนรายวิชาโดยไม่ติด W ได้ในช่วงเวลาใด?","academic_calendar"
"ถ้าตารางสอบของฉันมีความขัดแย้ง จะแก้ไขอย่างไร?","academic_calendar"
"ฉันจะตรวจสอบผลการเรียนได้เมื่อไหร่?","academic_calendar"
"ถ้าฉันต้องการสำเร็จการศึกษา ต้องดำเนินการยื่นขอเมื่อไร?","academic_calendar"
"วันสุดท้ายของการลงทะเบียนรายวิชาในปีนี้คือวันใด?","academic_calendar"
"ในฐานะนักศึกษาใหม่ ฉันจะลงทะเบียนรายวิชาได้ในช่วงเวลาใด?","academic_calendar"
"ถ้าฉันได้รับเกรด I จะต้องดำเนินการแก้ไขภายในกี่วัน?","academic_calendar"
"วันสุดท้ายที่ฉันสามารถเพิ่ม-ถอนรายวิชาคือวันที่เท่าไร?","academic_calendar"
"ถ้าฉันลงทะเบียนล่าช้า จะต้องเสียค่าปรับเป็นจำนวนเท่าใด?","academic_calendar"
"วันปิดภาคการศึกษาในปีนี้จะตรงกับวันที่เท่าไร?","academic_calendar"
"วันปฐมนิเทศนักศึกษาใหม่จะจัดขึ้นในวันที่เท่าไร?","academic_calendar"
"ช่วงเวลาที่เปิดให้เพิ่มรายวิชาหลังจากเริ่มเรียนคือเมื่อไหร่?","academic_calendar"
"สามารถลงทะเบียนเรียนวิชาใหม่หลังวันไหนไม่ได้?","academic_calendar"
"กิจกรรมสัปดาห์หน้ามีอะไรบ้าง?","student_activities"
"กิจกรรม assembly สัปดาห์นี้คือหัวข้ออะไร?","student_activities"
"assembly หัวข้อ ในหลวง ใครเป็นผู้บรรยาย?","student_activities"
"ปีนี้จะมีการจัดกิจกรรม assembly กี่ครั้ง?","student_activities"
"กิจกรรม assembly สัปดาห์หน้าจะจัดวันที่เท่าไร?","student_activities"
"พรุ่งนี้จะมีบรรยายในหัวข้ออะไร?","student_activities"
"วิทยากรที่จะมาบรรยายในหัวข้อ saving the world คือใคร?","student_activities"
"ถ้าจะลาไม่เข้ากิจกรรมต้องติดต่อที่พี่คนไหน?","student_activities"
"เราจะต้องไปลงทะเบียนเข้าร่วมกิจกรรมที่ไหน?","student_activities"
"ช่วยบอกกำหนดการ assembly สัปดาห์นี้มาให้หน่อยว่าจะพูดอะไรบ้าง?","student_activities"
"ใครคือคนที่รับผิดชอบบรรยายในครั้งนี้?","student_activities"
"คณะของเราจะมีจัดบรรยายอีกไหม?","student_activities"
"วิทยากรที่คณะเชิณมาพูดให้ฟังสัปดาห์นี้คือใคร?","student_activities"
"วันพฤหัสบดีนี้จะมีกิจกรรมอะไรอีกไหม? ","student_activities"
"กิจกรรมที่คณะเป็นผู้จัดมีอะไรบ้าง?","student_activities"
"จะมีกิจกรรมจิตอาสาอะไรบ้างในเดือนนี้?","student_activities"
"กิจกรรมในช่วงเช้าวันศุกร์นี้มีอะไรบ้าง?","student_activities"
"งานประกวดโครงการนวัตกรรมจะจัดขึ้นที่ไหน?","student_activities"
"งานแข่งขันกีฬาภายในปีนี้จัดขึ้นในวันไหน?","student_activities"
"วิทยากรที่จะมาพูดเรื่องการบริหารเวลาในเดือนนี้คือใคร?","student_activities"
"กิจกรรมช่วยเหลือชุมชนครั้งต่อไปจัดขึ้นที่ไหน?","student_activities"
"สามารถลา Assembly ได้กี่ครั้ง","student_activities"
"หัวข้อ assembly เดือนหน้าคืออะไร?","student_activities"
"กิจกรรมสัปดาห์หน้าต้องลงทะเบียนล่วงหน้าหรือไม่?","student_activities"
"ถ้าไม่เข้าร่วมกิจกรรม assembly จะมีผลกระทบอะไรบ้าง?","student_activities"
"กิจกรรมอบรมทักษะพิเศษมีอะไรบ้างในเทอมนี้?","student_activities"
"assembly หัวข้ออนาคตเทคโนโลยี AI จะจัดเมื่อไหร่?","student_activities"
"กิจกรรมประกวดโครงการวิจัยจะจัดขึ้นในวันไหน?","student_activities"
"assembly ครั้งต่อไปจะจัดที่ห้องใด?","student_activities"
"เราสามารถเข้าร่วมกิจกรรมค่ายจิตอาสาได้อย่างไร?","student_activities"
"หัวข้อการบรรยายใน assembly สัปดาห์นี้คืออะไร?","student_activities"
"ใครจะเป็นวิทยากรใน assembly ครั้งหน้า?","student_activities"
"กิจกรรมค่ายอาสาที่จะจัดในปีนี้มีอะไรบ้าง?","student_activities"
"ถ้าไม่สามารถเข้าร่วม assembly ได้ ต้องแจ้งใคร?","student_activities"
"กิจกรรมรับน้องในปีนี้จัดขึ้นเมื่อไหร่?","student_activities"
"หัวข้อการพูดในกิจกรรม assembly สัปดาห์หน้าคืออะไร?","student_activities"
"กิจกรรมกีฬาในร่มจะจัดขึ้นที่ไหน?","student_activities"
"assembly เรื่องการสร้างธุรกิจส่วนตัวจะจัดขึ้นในวันใด?","student_activities"
"กิจกรรมวันแม่ในมหาวิทยาลัยมีอะไรบ้าง?","student_activities"
"การประกวดสร้างแอปพลิเคชันจะจัดขึ้นที่อาคารใด?","student_activities"
"กิจกรรมรวมพลศิษย์เก่าปีนี้จะจัดขึ้นเมื่อไหร่?","student_activities"
"กิจกรรมวันครบรอบสถาบันมีอะไรบ้าง?","student_activities"
"ของใบตารางกิจกรรม Assembly ได้ไหมครับ?","student_activities"
"ติดตามตารางAssemblyอย่างไร?","student_activities"
"จะมีการไปทัศนศึกษาด้านนอกไหม?","student_activities"
"มี Assembly วันไหนบ้าง?","student_activities"
"ถ้าติดธุระสามารถลา Assembly ได้ไหม?","student_activities"
"ถ้าติดธุระสามารถลากิจกรรมAssembly ได้ไหม?","student_activities"
"ถ้าติดธุระสามารถลากิจกรรมนี้ได้ไหม?","student_activities"
"วันนี้มี Assemly ไหมคะ?","student_activities"
"ถ้าจะเชิญวิทยากรมาเอง เช่น รายวิชาสัมนา ที่นักศึกษาจัดกันเอง ต้องทำเรื่องอย่างไรบ้าง?","student_activities"
"ดูตาราง assemblyได้ที่ไหน?","student_activities"
"อยากให้บอกหัวข้อกิจกรรมว่าสัปดาห์นี้มีกิจกรรมอะไร?","student_activities"
"กิจกรรม Assembly สัปดาห์นี้คือเรื่องอะไร?","student_activities"
"ฉันจะลงทะเบียนเข้าร่วมกิจกรรมเพื่อเก็บชั่วโมงได้ที่ไหน?","student_activities"
"กิจกรรมที่เกี่ยวกับ SDG ครั้งต่อไปจัดเมื่อไหร่ และมีหัวข้ออะไรบ้าง?","student_activities"
"กิจกรรมที่จัดขึ้นในวันพฤหัสบดีนี้มีอะไรบ้าง?","student_activities"
"หัวข้อ assembly ในสัปดาห์หน้าคืออะไร?","student_activities"
"assembly ครั้งล่าสุดมีหัวข้ออะไร?","student_activities"
"ฉันสามารถตรวจสอบรายชื่อวิทยากรของกิจกรรม assembly ได้ที่ไหน?","student_activities"
"งานสัมมนาในเดือนนี้มีหัวข้ออะไรบ้าง?","student_activities"
"กิจกรรมที่เกี่ยวข้องกับการพัฒนาทักษะส่วนตัวมีอะไรบ้าง?","student_activities"
"assembly สัปดาห์นี้จะพูดถึงหัวข้อใด?","student_activities"
"ใครเป็นผู้รับผิดชอบจัดกิจกรรม assembly ในครั้งนี้?","student_activities"
"ถ้าจะยื่นคำร้องขอลากิจกรรม assembly ต้องทำอย่างไร?","student_activities"
"หัวข้อในการบรรยาย assembly ครั้งหน้าเป็นเรื่องอะไร?","student_activities"
"กิจกรรม assembly ครั้งนี้จัดในสถานที่ใด?","student_activities"
"หัวข้อบรรยายใน assembly เดือนนี้คืออะไร?","student_activities"
"ใครเป็นคนดูแลกิจกรรม assembly สัปดาห์นี้?","student_activities"
"assembly หัวข้อสร้างสรรค์สังคมจัดขึ้นเมื่อใด?","student_activities"
"วิทยากรที่จะบรรยายในหัวข้อ การพัฒนานวัตกรรม คือใคร?","student_activities"
"กิจกรรมพิเศษในเดือนหน้าเกี่ยวกับการอนุรักษ์ธรรมชาติมีอะไรบ้าง?","student_activities"
"ฉันจะลงทะเบียนกิจกรรมช่วยเหลือชุมชนได้ที่ไหน?","student_activities"
"กิจกรรมพัฒนาศักยภาพนักศึกษาจะจัดในช่วงเวลาใด?","student_activities"
"assembly ที่จัดในเดือนหน้านั้นมีหัวข้ออะไรบ้าง?","student_activities"
"กิจกรรมส่งเสริมการเรียนรู้ที่จัดในปีนี้มีอะไรบ้าง?","student_activities"
"มี assembly หัวข้อเทคโนโลยี AI ในปีนี้หรือไม่?","student_activities"
"กิจกรรมที่เกี่ยวข้องกับ SDG ครั้งต่อไปจัดขึ้นในวันใด?","student_activities"
"งานแข่งขันโครงการนวัตกรรมจะจัดขึ้นในสถานที่ใด?","student_activities"
"กิจกรรมกีฬาในวันเสาร์นี้มีอะไรบ้าง?","student_activities"
"assembly ครั้งถัดไปจะจัดที่อาคารไหน?","student_activities"
"กิจกรรมเกี่ยวกับจิตอาสาในสัปดาห์หน้าเริ่มเวลาใด?","student_activities"
"ใครคือวิทยากรใน assembly หัวข้อพัฒนาทักษะผู้นำ?","student_activities"
"ฉันจะสามารถเข้าร่วมกิจกรรมอบรมพิเศษในมหาวิทยาลัยได้อย่างไร?","student_activities"
"กิจกรรม assembly ที่จัดขึ้นทุกเทอมมีหัวข้ออะไรบ้าง?","student_activities"
"กิจกรรม Assembly วันพฤหัสบดีนี้เริ่มเวลาไหน?","student_activities"
"หัวข้อการบรรยายพิเศษใน Assembly ครั้งหน้าคืออะไร?","student_activities"
"กิจกรรมวันครบรอบสถาบันในปีนี้มีอะไรที่พิเศษบ้าง?","student_activities"
"การประกวดโปรเจคจบการศึกษาจะจัดขึ้นเมื่อไหร่?","student_activities"
"กิจกรรมที่จัดโดยนักศึกษาปี 4 มีอะไรบ้าง?","student_activities"
"หัวข้อ Assembly ครั้งล่าสุดมีใครเป็นวิทยากร?","student_activities"
"Assembly เดือนนี้มีหัวข้ออะไรที่น่าสนใจ?","student_activities"
"งานจัดแสดงนวัตกรรมที่เกี่ยวกับเทคโนโลยีจะจัดขึ้นวันไหน?","student_activities"
"กิจกรรมส่งเสริมการอนุรักษ์สิ่งแวดล้อมครั้งต่อไปจะจัดขึ้นเมื่อไหร่?","student_activities"
"การบรรยายใน assembly สัปดาห์นี้เริ่มเวลาใด?","student_activities"
"กิจกรรม Assembly ครั้งต่อไปมีหัวข้อเกี่ยวกับอะไร?","student_activities"
"อยากสอบถามเรื่องทุนการศึกษาครับ?","Scholarship"
"ทุนการศึกษาแต่ละทุนมีเงื่อนไขอย่างไร?","Scholarship"
"มีทุนอะไรบ้าง?","Scholarship"
"ทุนการศึกษาที่เปิดรับตอนนี้มีอะไรบ้างและมีเงื่อนไขอย่างไร?","Scholarship"
"เงื่อนไขของทุนมีไรบ้าง?","Scholarship"
"เกรดถึง 3 สามารถขอทุนได้ไหม?","Scholarship"
"เกรดถึง 3.5 แล้วสามารถขอทุนเรียนดีได้หรือไม่?","Scholarship"
"เกรดถึง 3 สามารถขอทุนการศึกษาได้ไหม?","Scholarship"
"ทุนศักยภาพกับทุนช่วยเหลือต่างกันอย่างไง?","Scholarship"
"ขอทุนหอพักได้ไหมคะ?","Scholarship"
"ข้อมูลการขอรับทุน ขั้นตอนต้องทำยังไงบ้าง?","Scholarship"
"เอกสารที่ใช้สมัครทุนมีอะไรบ้างครับ?","Scholarship"
"ทุนการศึกษาเปิดรับกี่คน และต้องทำอย่างไรถึงได้ทุน?","Scholarship"
"มีทุนการศึกษาใดบ้างที่เหมาะสำหรับนักศึกษาปี 1 และมีเงื่อนไขการสมัครอย่างไร?","Scholarship"
"มีทุนการศึกษาสำหรับนักศึกษาต่างชาติในระดับปริญญาโทหรือไม่?","Scholarship"
"ประกาศสถาบันเทคโนโลยีจิตรลดาเรื่องหลักเกณฑ์การจ่ายทุนพัฒนาและส่งเสริมศักยภาพผู้เรียนมีผลบังคับใช้เมื่อใด?","Scholarship"
"ทุนพัฒนาและส่งเสริมศักยภาพนักเรียน นักศึกษา แบ่งออกเป็นกี่ประเภท?","Scholarship"
"ข้อใดไม่ใช่ประเภทของทุนพัฒนาและส่งเสริมศักยภาพนักเรียน นักศึกษา?","Scholarship"
"ค่าธรรมเนียมการฝึกอบรมสำหรับทุนฝึกอบรมมีวงเงินสูงสุดเท่าใด?","Scholarship"
"ในกรณีฝึกอบรมในประเทศ ค่าที่พักจ่ายตามจริงในอัตราไม่เกินเท่าใดต่อวันต่อคน?","Scholarship"
"ทุนสำหรับนำเสนอผลงานวิจัยนวัตกรรมมีวงเงินค่าธรรมเนียมสูงสุดเท่าใด?","Scholarship"
"ทุนต่อยอดนวัตกรรมมีวงเงินสูงสุดต่อโครงการเท่าใด?","Scholarship"
"ใครเป็นผู้เสนอชื่อและคุณสมบัติผู้สมควรได้รับทุน?","Scholarship"
"ในกรณีฝึกอบรมในต่างประเทศ ค่าที่พักจ่ายในอัตราไม่เกินระดับใด?","Scholarship"
"ค่าใช้จ่ายที่ครอบคลุมในทุนฝึกอบรมมีอะไรบ้าง?","Scholarship"
"การเดินทางในพื้นที่กรุงเทพมหานครหรือปริมณฑลในลักษณะไปและกลับรายวัน จะได้รับค่าเดินทางหรือไม่?","Scholarship"
"ในกรณีนำเสนอผลงานในประเทศ ค่าที่พักจ่ายตามจริงในอัตราไม่เกินเท่าใดต่อวัน?","Scholarship"
"ทุนต่อยอดนวัตกรรมมีวัตถุประสงค์เพื่ออะไร?","Scholarship"
"ในกรณีฝึกอบรมในประเทศ การเดินทางโดยเครื่องบินสามารถเบิกได้ในชั้นใด?","Scholarship"
"ค่าเบี้ยประกันการเดินทางไปต่างประเทศสามารถเบิกได้ในทุนประเภทใด?","Scholarship"
"ทุนประเภทใดที่ไม่มีการกำหนดวงเงินสูงสุดสำหรับค่าธรรมเนียม?","Scholarship"
"การพิจารณาทุนต้องผ่านความเห็นชอบจากใครก่อนเสนอต่ออธิการบดี?","Scholarship"
"ทุนประเภทใดที่ครอบคลุมค่าใช้จ่ายมากที่สุด?","Scholarship"
"เบี้ยเลี้ยงสำหรับการฝึกอบรมในต่างประเทศจ่ายในอัตราเท่าใด?","Scholarship"
"มีทุนการศึกษาประเภทใดบ้างที่นักศึกษาสามารถสมัครขอได้?","Scholarship"
"กระบวนการคัดเลือกผู้รับทุนการศึกษามีขั้นตอนอย่างไร?","Scholarship"
"มีเกณฑ์การพิจารณาคุณสมบัติของผู้สมัครรับทุนอย่างไร?","Scholarship"
"ระยะเวลาและช่วงเวลาในการเปิดรับสมัครทุนมีกำหนดอย่างไร?","Scholarship"
"การยื่นเอกสารประกอบการสมัครทุนต้องดำเนินการอย่างไร?","Scholarship"
"การตัดสินผลการคัดเลือกทุนใช้เกณฑ์ใดในการพิจารณา?","Scholarship"
"อัตราการให้ทุนการศึกษาในแต่ละประเภททุนเป็นอย่างไร?","Scholarship"
"ข้อแตกต่างระหว่างทุนเต็มจำนวนและทุนบางส่วนเป็นอย่างไร?","Scholarship"
"เงื่อนไขในการรักษาสิทธิ์ผู้รับทุนมีอะไรบ้าง?","Scholarship"
"กรณีที่นักศึกษาผู้รับทุนสำเร็จการศึกษา มีเงื่อนไขใดบ้าง?","Scholarship"
"ผู้สมัครต้องเตรียมเอกสารหลักฐานอะไรบ้างในการขอรับทุน?","Scholarship"
"นักศึกษาต้องส่งรายงานความก้าวหน้าในระหว่างรับทุนหรือไม่?","Scholarship"
"ขั้นตอนการขอปรับเปลี่ยนแผนการใช้เงินทุนมีวิธีการอย่างไร?","Scholarship"
"โอกาสในการได้รับต่อเนื่องมีเงื่อนไขอย่างไรบ้าง?","Scholarship"
"ความรับผิดชอบของผู้รับทุนเมื่อได้รับการสนับสนุนมีอะไรบ้าง?","Scholarship"
"มีการประกาศรายชื่อผู้ได้รับทุนการศึกษาในช่องทางใดบ้าง?","Scholarship"
"กระบวนการคัดเลือกทุนมีความโปร่งใสและยุติธรรมหรือไม่?","Scholarship"
"สวัสดิการและสิทธิประโยชน์ของผู้รับทุนมีอะไรบ้าง?","Scholarship"
"หากผู้รับทุนมีปัญหาระหว่างการศึกษา สามารถขอความช่วยเหลือได้อย่างไร?","Scholarship"
"เงินทุนที่ได้รับจะสามารถนำไปใช้จ่ายในกิจกรรมใดได้บ้าง?","Scholarship"
"แนวทางการยื่นขอต่ออายุเงินทุนมีวิธีการอย่างไร?","Scholarship"
"การจัดสรรทุนที่จำกัดจะมีหลักเกณฑ์พิจารณาแบบใด?","Scholarship"
"ลักษณะของนักศึกษาที่มีโอกาสได้รับทุนมากมีอะไรบ้าง?","Scholarship"
"มีการให้คำปรึกษาแนะนำการสมัครทุนแก่นักศึกษาหรือไม่?","Scholarship"
"สถานะทางการเงินของครอบครัวนักศึกษามีผลต่อการพิจารณาไหม?","Scholarship"
"ระยะเวลาการรับทุนการศึกษาแต่ละประเภททุนเป็นอย่างไร?","Scholarship"
"มีการจัดกิจกรรมส่งเสริมหรือยกย่องผู้รับทุนการศึกษาหรือไม่?","Scholarship"
"หากนักศึกษาผู้รับทุนมีปัญหาทางการเงิน จะสามารถขอความช่วยเหลือได้หรือไม่?","Scholarship"
"เอกสารและหลักฐานที่ใช้ในการสมัครทุนการศึกษามีอะไรบ้าง?","Scholarship"
"การดำเนินการทางวินัยกับผู้รับทุนที่ไม่ปฏิบัติตามเงื่อนไขมีรูปแบบอย่างไร?","Scholarship"
"จะมีการลงโทษอย่างไรหากข้าพเจ้าไม่ปฏิบัติตามเงื่อนไขของทุน?","Scholarship"
"เอกสารและหลักฐานอะไรบ้างที่ข้าพเจ้าต้องใช้ในการสมัครทุน?","Scholarship"
"หากผมมีปัญหาทางการเงิน จะขอความช่วยเหลือได้อย่างไร?","Scholarship"
"มีกิจกรรมพิเศษเพื่อส่งเสริมหรือยกย่องผู้รับทุนการศึกษาหรือไม่?","Scholarship"
"ระยะเวลาที่ฉันจะได้รับทุนแต่ละประเภททุนเป็นอย่างไร?","Scholarship"
"สถานะทางการเงินของครอบครัวข้าพเจ้ามีผลต่อการพิจารณาหรือไม่?","Scholarship"
"มีการให้คำปรึกษาเกี่ยวกับการสมัครทุนให้กับนักศึกษาหรือไม่?","Scholarship"
"ลักษณะของนักศึกษาที่น่าจะได้รับทุนมากมีอะไรบ้าง?","Scholarship"
"เกณฑ์การจัดสรรทุนการศึกษาที่จำกัดมีหลักเกณฑ์อย่างไร?","Scholarship"
"ฉันจะขอต่ออายุเงินทุนได้อย่างไร?","Scholarship"
"เงินทุนที่ได้รับสามารถนำไปใช้จ่ายในเรื่องใดได้บ้าง?","Scholarship"
"หากหนูมีปัญหาระหว่างการศึกษา จะขอความช่วยเหลือได้อย่างไร?","Scholarship"
"ผมจะได้รับสวัสดิการและสิทธิประโยชน์อะไรบ้าง?","Scholarship"
"กระบวนการคัดเลือกทุนมีความยุติธรรมหรือไม่?","Scholarship"
"ช่องทางการประกาศรายชื่อผู้ได้รับทุนมีอะไรบ้าง?","Scholarship"
"เมื่อได้รับทุน ผมจะต้องรับผิดชอบเรื่องอะไรบ้าง?","Scholarship"
"มีโอกาสได้รับทุนต่อเนื่องในปีถัดไปหรือไม่ และมีเงื่อนไขอย่างไร?","Scholarship"
"ข้าพเจ้าจะต้องส่งรายงานความก้าวหน้าระหว่างรับทุนหรือไม่?","Scholarship"
"เอกสารใดบ้างที่เราต้องเตรียมในการยื่นขอรับทุน?","Scholarship"
"เมื่อสำเร็จการศึกษา ข้าพเจ้ามีข้อผูกพันอะไรบ้าง?","Scholarship"
"มีเงื่อนไขใดบ้างที่ต้องปฏิบัติเพื่อรักษาสิทธิ์รับทุน?","Scholarship"
"ความแตกต่างระหว่างทุนเต็มจำนวนและบางส่วนคืออะไร?","Scholarship"
"ฉันจะได้รับทุนการศึกษาในอัตราแค่ไหน?","Scholarship"
"องค์ประกอบใดบ้างที่จะถูกนำมาพิจารณาในการคัดเลือก?","Scholarship"
"ช่วงเวลาในการเปิดรับสมัครทุนเป็นเมื่อไหร่?","Scholarship"
"กระบวนการคัดเลือกทุนการศึกษาเป็นอย่างไร?","Scholarship"
"มีทุนใดบ้างที่ข้าพเจ้าสามารถสมัครขอรับได้?","Scholarship"
"จะต้องมีคุณสมบัติอย่างไรเพื่อมีโอกาสได้รับทุน?","Scholarship"
"จบแล้วทำงานอะไรได้บ้าง?","course"
"ทำไมบางวิชาในหลักสูตรในปีนี้ถึงมีการเปลี่ยนแปลง?","course"
"ฉันจะเลือกวิชาโทในปี 3 ได้อย่างไร?","course"
"สมัครเรียนซัมเมอร์อย่างไร?","course"
"สามารถลงวิชาเรียนแทนการฝึกงานได้ไหม?","course"
"ถ้าลดรายวิชาหลัก 1 วิชาจะเป็นอะไรมั้ย?","course"
"ทำไมถึงต้องเรียนวิชานี้?","course"
"แก้ F วิชา เครือข่ายคอมพิวเตอร์ได้ตอนไหนหรอครับไม่อยากจบปี5?","course"
"สามารถลงวิชาเรียนแทนการฝึกงานได้หรือไม่?","course"
"ฉันสามารถเปลี่ยนสาขาวิชาในระหว่างการเรียนได้หรือไม่ และมีขั้นตอนอย่างไร??","course"
"ลงรายวิชาเรียนอย่างไร?","course"
"ถ้าเรียนแล้วจบไปจะมีงานรับรองแน่นอนรึเปล่า?","course"
"หลักสูตรในปีนี้มีอะไรบ้าง?","course"
"ผมอยากเปลี่ยนสาขาตอนปีสองพอจะได้ไหม?","course"
"ชื่อเต็มของหลักสูตรวิศวกรรมคอมพิวเตอร์ในภาษาไทยคือ?","course"
"ชื่อย่อของหลักสูตรในภาษาอังกฤษคือ?","course"
"จำนวนหน่วยกิตรวมตลอดหลักสูตรวิศวกรรมคอมพิวเตอร์คือกี่หน่วยกิต?","course"
"หลักสูตรวิศวกรรมคอมพิวเตอร์เปิดการเรียนการสอนครั้งแรกในปีใด?","course"
"ภาษาที่ใช้ในการจัดการเรียนการสอนในหลักสูตรนี้คือภาษาอะไร?","course"
"หลักสูตรวิศวกรรมคอมพิวเตอร์เป็นหลักสูตรประเภทใด?","course"
"หลักสูตรนี้รับนักศึกษาประเภทใดบ้าง?","course"
"หลักสูตรวิศวกรรมคอมพิวเตอร์ได้รับความเห็นชอบจากสภาสถาบันเมื่อวันที่เท่าใด?","course"
"ช่วยบอกวัตถุประสงค์หลักในการจัดทำหลักสูตรนี้?","course"
"หลักสูตรนี้มีความเกี่ยวข้องกับพันธกิจข้อใดของสถาบัน?","course"
"หลักสูตรวิศวกรรมคอมพิวเตอร์ต้องอาศัยความสัมพันธ์กับศาสตร์ใดเป็นพื้นฐาน?","course"
"รายวิชาที่เปิดสอนในหลักสูตรนี้สามารถให้บริการแก่นักศึกษาอื่นได้หรือไม่?","course"
"แนวทางการจัดการศึกษาของหลักสูตรนี้ให้ความสำคัญกับเรื่องใดเป็นพิเศษ?","course"
"ปรัชญาของหลักสูตรวิศวกรรมคอมพิวเตอร์มีอะไรบ้าง?","course"
"หลักสูตรนี้เน้นเนื้อหาในด้านใดเป็นหลัก?","course"
"หลักสูตรนี้ให้ความสำคัญกับเครื่องมือใดเป็นพิเศษ?","course"
"หลักสูตรนี้เน้นผลการเรียนรู้ที่คาดหวังในข้อใดเป็นสำคัญ?","course"
"คุณลักษณะใดที่ผู้สำเร็จการศึกษาควรมีในการทำงานวิชาชีพ?","course"
"ผลการเรียนรู้ (ELO) ข้อใดเกี่ยวข้องกับทักษะด้านการสื่อสาร?","course"
"จุดเด่นของหลักสูตรนี้คือ?","course"
"การพัฒนาหลักสูตรมีพื้นฐานมาจากมาตรฐานขององค์กรไหน?","course"
"การเชื่อมโยงกับภาคอุตสาหกรรมและผู้ประกอบการดำเนินการผ่านกิจกรรมใด?","course"
"หลักสูตรนี้มีการปรับปรุงย่อยทุกกี่ปี?","course"
"การจัดการศึกษาตลอดชีวิตคืออะไร?","course"
"ระบบการจัดการศึกษาของสถาบันเทคโนโลยีจิตรลดาใช้ระบบใด?","course"
"ในระบบทวิภาค ภาคการศึกษาปกติใช้ระยะเวลาไม่น้อยกว่ากี่สัปดาห์?","course"
"ตามหลักสูตรการจัดการศึกษาภาคฤดูร้อนมีระยะเวลาไม่น้อยกว่ากี่สัปดาห์?","course"
"การเทียบเคียงหน่วยกิตในระบบทวิภาคระบุว่าอย่างไร?","course"
"คุณสมบัติที่ถูกต้องสำหรับผู้เข้าศึกษาในหลักสูตรนี้?","course"
"ผู้ที่สำเร็จการศึกษาระดับ ปวช. ในสาขาใดสามารถสมัครเข้าศึกษาได้?","course"
"ปัญหาหลักของนักศึกษาแรกเข้าคืออะไร?","course"
"จะใช้กลยุทธ์อะไรเพื่อแก้ไขปัญหานักศึกษาแรกเข้า?","course"
"ค่าใช้จ่ายเฉลี่ยต่อหัวนักศึกษาต่อภาคการศึกษาคือเท่าใด?","course"
"จำนวนหน่วยกิตรวมตลอดหลักสูตรวิศวกรรมคอมพิวเตอร์คือกี่หน่วยกิต?","course"
"หมวดวิชาศึกษาทั่วไปต้องเรียนไม่น้อยกว่ากี่หน่วยกิต?","course"
"วิชาในกลุ่มวิชาภาษา มีกี่หน่วยกิตทั้งหมด?","course"
"ช่วยระบุรายวิชาในกลุ่มวิชาสังคมศาสตร์?","course"
"รายวิชาภาษาอังกฤษเพื่อการสื่อสารมีจำนวนหน่วยกิตเท่าใด?","course"
"วิชาปรับพื้นฐานด้านภาษามีการวัดผลในรูปแบบใด?","course"
"นักศึกษาสามารถยกเว้นการเรียนวิชาปรับพื้นฐานได้เมื่อใด?","course"
"หมวดวิชาเฉพาะกำหนดให้เรียนไม่น้อยกว่ากี่หน่วยกิต?","course"
"รายวิชา (คณิตศาสตร์วิศวกรรม 1) มีหน่วยกิตเท่าใด?","course"
"รายวิชาใดอยู่ในกลุ่มวิชาแกน?","course"
"วิชาปฏิบัติการฟิสิกส์มีหน่วยกิตในรูปแบบใด?","course"
"กลุ่มวิชาบังคับในหมวดเฉพาะด้านมีหน่วยกิตรวมทั้งหมดเท่าใด?","course"
"รายวิชาใดจัดอยู่ในกลุ่มวิชาเทคโนโลยีเพื่องานประยุกต์?","course"
"กลุ่มวิชาโครงสร้างพื้นฐานของระบบมีกี่หน่วยกิตรวมกัน?","course"
"รายวิชา (เครือข่ายคอมพิวเตอร์) จัดอยู่ในกลุ่มใด?","course"
"วิชาฝึกงานวิศวกรรมคอมพิวเตอร์ต้องใช้ระยะเวลาอย่างน้อยกี่ชั่วโมง?","course"
"รายวิชาใดจัดอยู่ในกลุ่มวิชาชีพเลือก?","course"
"รายวิชา (การประมวลผลภาพ) อยู่ในกลุ่มวิชาใด?","course"
"ในปีที่ 1 ภาคการศึกษาที่ 1 นักศึกษาต้องเรียนวิชาใดที่ไม่นับหน่วยกิต?","course"
"รายวิชาใดที่เรียนในปีที่ 2 ภาคการศึกษาที่ 1?","course"
"นักศึกษาสามารถเลือกเรียนวิชาใดในภาคการศึกษาที่ 3 ปีที่ 2?","course"
"ในปีที่ 4 ภาคการศึกษาที่ 2 นักศึกษาต้องทำโครงงานวิศวกรรมคอมพิวเตอร์ในขั้นใด?","course"
"วิชาจริยธรรมวิชาชีพทางด้านคอมพิวเตอร์ หน่วยกิตเท่าใด?","course"
"รายวิชา การคิดสร้างสรรค์เพื่อสังคม มุ่งเน้นด้านใด?","course"
"วิชา กฎหมายในชีวิตประจำวัน สอนกฎหมายอะไรบ้าง?","course"
"รายวิชา "สุขภาวะกายและจิต" มุ่งเน้นการศึกษาในเรื่องอะไร?","course"
"ภาวะผู้นำและบุคลิกภาพเป็นวิชาที่เน้นด้านใด?","course"
"รายวิชา คณิตศาสตร์และสถิติในชีวิตประจำวัน มุ่งเน้นการนำคณิตศาสตร์ไปใช้ในเรื่องอะไร?","course"
"วิชา ภาษาอังกฤษเพื่อการสื่อสาร มีเงื่อนไขในการลงทะเบียนอย่างไร?","course"
"นักศึกษาสามารถเข้าฝึกงานได้เมื่อมีหน่วยกิตสะสมอย่างน้อยกี่หน่วยกิต?","course"
"เป้าหมายของการฝึกงานคืออะไร?","course"
"การทำโครงงานต้องเป็นหัวข้อที่เกี่ยวข้องกับอะไร?","course"
"โครงงานวิศวกรรมคอมพิวเตอร์ 1 ต้องส่งอะไรเมื่อจบวิชา?","course"
"รายวิชา (การออกแบบระบบฝังตัว) เน้นการเรียนรู้ในหัวข้ออะไร?","course"
"วิชา วิทยาการข้อมูลเบื้องต้น เน้นการเรียนรู้เกี่ยวกับอะไร?","course"
"นักศึกษาต้องส่งเอกสารโครงงานฉบับสมบูรณ์เมื่อใด?","course"
"ในการฝึกงาน ฉันจะได้รับการประเมินจากข้อใดบ้าง?","course"
"ภาษาที่สามที่ฉันสามารถเลือกเรียนได้มี ภาษาอะไรบ้าง?","course"
"นักศึกษาต้องเลือกเรียนวิชาภาษาที่สามไม่น้อยกว่ากี่หน่วยกิต?","course"
"ถ้าฉันอยากเลือกเรียนภาษาจีนแทนภาษาญี่ปุ่นต้องทำอย่างไง?","course"








